,date,value
782,2015-01-01,6
1256,2015-01-02,3
584,2015-01-03,7
976,2015-01-04,4
669,2015-01-05,6
733,2015-01-06,6
1278,2015-01-07,2
1100,2015-01-08,4
68,2015-01-09,13
330,2015-01-10,9
1184,2015-01-11,3
777,2015-01-12,6
26,2015-01-13,16
174,2015-01-14,11
835,2015-01-15,5
300,2015-01-16,9
1147,2015-01-17,3
1096,2015-01-18,4
1268,2015-01-19,3
465,2015-01-20,8
858,2015-01-21,5
1429,2015-01-22,1
436,2015-01-23,8
115,2015-01-24,12
1227,2015-01-25,3
649,2015-01-26,6
555,2015-01-27,7
197,2015-01-28,10
597,2015-01-29,7
249,2015-01-30,10
863,2015-01-31,5
751,2015-02-01,6
364,2015-02-02,9
622,2015-02-03,7
56,2015-02-04,14
240,2015-02-05,10
719,2015-02-06,6
1232,2015-02-07,3
1401,2015-02-08,1
693,2015-02-09,6
277,2015-02-10,9
898,2015-02-11,5
899,2015-02-12,5
1084,2015-02-13,4
218,2015-02-14,10
1086,2015-02-15,4
1016,2015-02-16,4
571,2015-02-17,7
69,2015-02-18,13
766,2015-02-19,6
1258,2015-02-20,3
1041,2015-02-21,4
1054,2015-02-22,4
926,2015-02-23,5
234,2015-02-24,10
339,2015-02-25,9
168,2015-02-26,11
891,2015-02-27,5
851,2015-02-28,5
785,2015-03-01,6
476,2015-03-02,8
114,2015-03-03,12
553,2015-03-04,7
594,2015-03-05,7
450,2015-03-06,8
524,2015-03-07,7
1155,2015-03-08,3
1249,2015-03-09,3
151,2015-03-10,11
1034,2015-03-11,4
658,2015-03-12,6
585,2015-03-13,7
938,2015-03-14,5
1431,2015-03-15,1
868,2015-03-16,5
1042,2015-03-17,4
1338,2015-03-18,2
239,2015-03-19,10
360,2015-03-20,9
1179,2015-03-21,3
1403,2015-03-22,1
1022,2015-03-23,4
1072,2015-03-24,4
474,2015-03-25,8
679,2015-03-26,6
492,2015-03-27,8
279,2015-03-28,9
285,2015-03-29,9
894,2015-03-30,5
299,2015-03-31,9
24,2015-04-01,16
942,2015-04-02,5
1407,2015-04-03,1
870,2015-04-04,5
1339,2015-04-05,2
116,2015-04-06,12
467,2015-04-07,8
552,2015-04-08,7
1417,2015-04-09,1
839,2015-04-10,5
1146,2015-04-11,3
1388,2015-04-12,1
885,2015-04-13,5
301,2015-04-14,9
967,2015-04-15,4
319,2015-04-16,9
134,2015-04-17,12
1378,2015-04-18,1
1207,2015-04-19,3
855,2015-04-20,5
790,2015-04-21,6
76,2015-04-22,13
38,2015-04-23,15
357,2015-04-24,9
426,2015-04-25,8
646,2015-04-26,6
548,2015-04-27,7
510,2015-04-28,7
975,2015-04-29,4
1058,2015-04-30,4
289,2015-05-01,9
1143,2015-05-02,3
228,2015-05-03,10
774,2015-05-04,6
80,2015-05-05,13
220,2015-05-06,10
418,2015-05-07,8
1343,2015-05-08,2
468,2015-05-09,8
1180,2015-05-10,3
904,2015-05-11,5
1051,2015-05-12,4
414,2015-05-13,8
232,2015-05-14,10
487,2015-05-15,8
353,2015-05-16,9
1045,2015-05-17,4
166,2015-05-18,11
609,2015-05-19,7
45,2015-05-20,14
321,2015-05-21,9
695,2015-05-22,6
966,2015-05-23,4
533,2015-05-24,7
991,2015-05-25,4
61,2015-05-26,14
479,2015-05-27,8
684,2015-05-28,6
1325,2015-05-29,2
645,2015-05-30,7
874,2015-05-31,5
998,2015-06-01,4
424,2015-06-02,8
678,2015-06-03,6
323,2015-06-04,9
383,2015-06-05,8
346,2015-06-06,9
1399,2015-06-07,1
1264,2015-06-08,3
34,2015-06-09,15
104,2015-06-10,12
369,2015-06-11,9
528,2015-06-12,7
201,2015-06-13,10
1015,2015-06-14,4
273,2015-06-15,9
376,2015-06-16,8
769,2015-06-17,6
1094,2015-06-18,4
0,2015-06-19,22
356,2015-06-20,9
169,2015-06-21,11
1080,2015-06-22,4
67,2015-06-23,13
137,2015-06-24,12
1125,2015-06-25,4
8,2015-06-26,19
955,2015-06-27,5
1292,2015-06-28,2
749,2015-06-29,6
547,2015-06-30,7
530,2015-07-01,7
57,2015-07-02,14
872,2015-07-03,5
743,2015-07-04,6
1070,2015-07-05,4
1160,2015-07-06,3
780,2015-07-07,6
1126,2015-07-08,4
7,2015-07-09,19
602,2015-07-10,7
367,2015-07-11,9
903,2015-07-12,5
641,2015-07-13,7
932,2015-07-14,5
532,2015-07-15,7
377,2015-07-16,8
752,2015-07-17,6
836,2015-07-18,5
825,2015-07-19,5
139,2015-07-20,12
852,2015-07-21,5
880,2015-07-22,5
826,2015-07-23,5
230,2015-07-24,10
1424,2015-07-25,1
1387,2015-07-26,1
1067,2015-07-27,4
815,2015-07-28,5
388,2015-07-29,8
110,2015-07-30,12
255,2015-07-31,10
192,2015-08-01,10
659,2015-08-02,6
1047,2015-08-03,4
488,2015-08-04,8
653,2015-08-05,6
362,2015-08-06,9
1314,2015-08-07,2
680,2015-08-08,6
397,2015-08-09,8
1023,2015-08-10,4
5,2015-08-11,20
635,2015-08-12,7
405,2015-08-13,8
42,2015-08-14,15
1120,2015-08-15,4
494,2015-08-16,8
202,2015-08-17,10
150,2015-08-18,11
445,2015-08-19,8
608,2015-08-20,7
997,2015-08-21,4
324,2015-08-22,9
430,2015-08-23,8
336,2015-08-24,9
328,2015-08-25,9
1205,2015-08-26,3
1206,2015-08-27,3
113,2015-08-28,12
525,2015-08-29,7
329,2015-08-30,9
1383,2015-08-31,1
624,2015-09-01,7
270,2015-09-02,9
583,2015-09-03,7
495,2015-09-04,8
92,2015-09-05,13
124,2015-09-06,12
1243,2015-09-07,3
908,2015-09-08,5
514,2015-09-09,7
610,2015-09-10,7
32,2015-09-11,16
631,2015-09-12,7
117,2015-09-13,12
1018,2015-09-14,4
559,2015-09-15,7
716,2015-09-16,6
642,2015-09-17,7
130,2015-09-18,12
223,2015-09-19,10
644,2015-09-20,7
252,2015-09-21,10
714,2015-09-22,6
282,2015-09-23,9
408,2015-09-24,8
505,2015-09-25,8
1218,2015-09-26,3
1170,2015-09-27,3
762,2015-09-28,6
1031,2015-09-29,4
728,2015-09-30,6
539,2015-10-01,7
132,2015-10-02,12
1282,2015-10-03,2
1166,2015-10-04,3
508,2015-10-05,7
55,2015-10-06,14
58,2015-10-07,14
1062,2015-10-08,4
275,2015-10-09,9
849,2015-10-10,5
889,2015-10-11,5
216,2015-10-12,10
214,2015-10-13,10
108,2015-10-14,12
459,2015-10-15,8
895,2015-10-16,5
1121,2015-10-17,4
629,2015-10-18,7
1234,2015-10-19,3
51,2015-10-20,14
739,2015-10-21,6
822,2015-10-22,5
452,2015-10-23,8
1124,2015-10-24,4
111,2015-10-25,12
598,2015-10-26,7
22,2015-10-27,16
698,2015-10-28,6
73,2015-10-29,13
244,2015-10-30,10
370,2015-10-31,9
1270,2015-11-01,3
332,2015-11-02,9
463,2015-11-03,8
462,2015-11-04,8
262,2015-11-05,10
491,2015-11-06,8
97,2015-11-07,13
95,2015-11-08,13
1212,2015-11-09,3
1257,2015-11-10,3
204,2015-11-11,10
49,2015-11-12,14
248,2015-11-13,10
715,2015-11-14,6
251,2015-11-15,10
710,2015-11-16,6
657,2015-11-17,6
27,2015-11-18,16
153,2015-11-19,11
937,2015-11-20,5
313,2015-11-21,9
1035,2015-11-22,4
526,2015-11-23,7
83,2015-11-24,13
1030,2015-11-25,4
15,2015-11-26,18
64,2015-11-27,13
120,2015-11-28,12
435,2015-11-29,8
148,2015-11-30,11
112,2015-12-01,12
970,2015-12-02,4
193,2015-12-03,10
263,2015-12-04,10
187,2015-12-05,11
1271,2015-12-06,3
493,2015-12-07,8
366,2015-12-08,9
921,2015-12-09,5
94,2015-12-10,13
416,2015-12-11,8
455,2015-12-12,8
854,2015-12-13,5
718,2015-12-14,6
298,2015-12-15,9
901,2015-12-16,5
910,2015-12-17,5
924,2015-12-18,5
1017,2015-12-19,4
707,2015-12-20,6
331,2015-12-21,9
563,2015-12-22,7
1,2015-12-23,21
753,2015-12-24,6
951,2015-12-25,5
39,2015-12-26,15
1416,2015-12-27,1
1391,2015-12-28,1
1323,2015-12-29,2
981,2015-12-30,4
259,2015-12-31,10
988,2016-01-01,4
371,2016-01-02,9
747,2016-01-03,6
1210,2016-01-04,3
1397,2016-01-05,1
1274,2016-01-06,2
837,2016-01-07,5
267,2016-01-08,9
335,2016-01-09,9
1321,2016-01-10,2
973,2016-01-11,4
333,2016-01-12,9
499,2016-01-13,8
191,2016-01-14,10
238,2016-01-15,10
441,2016-01-16,8
636,2016-01-18,7
588,2016-01-19,7
419,2016-01-20,8
315,2016-01-21,9
919,2016-01-22,5
789,2016-01-23,6
1362,2016-01-24,2
1038,2016-01-25,4
601,2016-01-26,7
1089,2016-01-27,4
322,2016-01-28,9
37,2016-01-29,15
1075,2016-01-30,4
203,2016-01-31,10
1154,2016-02-01,3
922,2016-02-02,5
20,2016-02-03,16
74,2016-02-04,13
1136,2016-02-05,4
637,2016-02-06,7
209,2016-02-07,10
805,2016-02-08,5
50,2016-02-09,14
579,2016-02-10,7
99,2016-02-11,13
758,2016-02-12,6
391,2016-02-13,8
1151,2016-02-14,3
626,2016-02-15,7
410,2016-02-16,8
979,2016-02-17,4
33,2016-02-18,16
779,2016-02-19,6
1408,2016-02-20,1
1395,2016-02-21,1
670,2016-02-22,6
1182,2016-02-23,3
1326,2016-02-24,2
66,2016-02-25,13
457,2016-02-26,8
103,2016-02-27,12
167,2016-02-28,11
531,2016-02-29,7
157,2016-03-01,11
48,2016-03-02,14
1095,2016-03-03,4
1366,2016-03-04,2
261,2016-03-05,10
871,2016-03-06,5
509,2016-03-07,7
754,2016-03-08,6
236,2016-03-09,10
475,2016-03-10,8
43,2016-03-11,15
986,2016-03-12,4
980,2016-03-13,4
1390,2016-03-14,1
1088,2016-03-15,4
884,2016-03-16,5
866,2016-03-17,5
1057,2016-03-18,4
799,2016-03-19,5
100,2016-03-20,12
1312,2016-03-21,2
1144,2016-03-22,3
1284,2016-03-23,2
1360,2016-03-24,2
186,2016-03-25,11
861,2016-03-26,5
634,2016-03-27,7
833,2016-03-28,5
694,2016-03-29,6
53,2016-03-30,14
233,2016-03-31,10
1116,2016-04-01,4
795,2016-04-02,5
1411,2016-04-03,1
882,2016-04-04,5
915,2016-04-05,5
472,2016-04-06,8
318,2016-04-07,9
688,2016-04-08,6
288,2016-04-09,9
1079,2016-04-10,4
428,2016-04-11,8
31,2016-04-12,16
1330,2016-04-13,2
1306,2016-04-14,2
401,2016-04-15,8
36,2016-04-16,15
1131,2016-04-17,4
407,2016-04-18,8
349,2016-04-19,9
29,2016-04-20,16
46,2016-04-21,14
160,2016-04-22,11
1044,2016-04-23,4
964,2016-04-24,4
577,2016-04-25,7
412,2016-04-26,8
63,2016-04-27,13
25,2016-04-28,16
1033,2016-04-29,4
619,2016-04-30,7
1287,2016-05-01,2
389,2016-05-02,8
936,2016-05-03,5
544,2016-05-04,7
823,2016-05-05,5
672,2016-05-06,6
841,2016-05-07,5
207,2016-05-08,10
1069,2016-05-09,4
163,2016-05-10,11
446,2016-05-11,8
906,2016-05-12,5
1194,2016-05-13,3
1293,2016-05-14,2
551,2016-05-15,7
596,2016-05-16,7
138,2016-05-17,12
225,2016-05-18,10
522,2016-05-19,7
302,2016-05-20,9
798,2016-05-21,5
793,2016-05-22,6
1007,2016-05-23,4
557,2016-05-24,7
765,2016-05-25,6
578,2016-05-26,7
794,2016-05-27,5
425,2016-05-28,8
546,2016-05-29,7
867,2016-05-30,5
1055,2016-05-31,4
217,2016-06-01,10
573,2016-06-02,7
86,2016-06-03,13
447,2016-06-05,8
175,2016-06-06,11
427,2016-06-07,8
1226,2016-06-08,3
1303,2016-06-09,2
1048,2016-06-10,4
700,2016-06-11,6
757,2016-06-12,6
226,2016-06-13,10
1029,2016-06-14,4
122,2016-06-15,12
1337,2016-06-16,2
119,2016-06-17,12
761,2016-06-18,6
227,2016-06-19,10
931,2016-06-20,5
930,2016-06-21,5
1348,2016-06-22,2
671,2016-06-23,6
1106,2016-06-24,4
404,2016-06-25,8
158,2016-06-26,11
519,2016-06-27,7
623,2016-06-28,7
834,2016-06-29,5
1358,2016-06-30,2
149,2016-07-01,11
190,2016-07-02,11
59,2016-07-03,14
345,2016-07-04,9
423,2016-07-05,8
257,2016-07-06,10
98,2016-07-07,13
1190,2016-07-08,3
1315,2016-07-09,2
173,2016-07-10,11
1019,2016-07-11,4
79,2016-07-12,13
154,2016-07-13,11
268,2016-07-14,9
606,2016-07-15,7
681,2016-07-16,6
381,2016-07-17,8
52,2016-07-18,14
96,2016-07-19,13
496,2016-07-20,8
54,2016-07-21,14
1269,2016-07-22,3
444,2016-07-23,8
771,2016-07-24,6
89,2016-07-25,13
256,2016-07-26,10
957,2016-07-27,5
442,2016-07-28,8
269,2016-07-29,9
568,2016-07-30,7
1186,2016-07-31,3
503,2016-08-01,8
632,2016-08-02,7
1351,2016-08-03,2
294,2016-08-04,9
208,2016-08-05,10
759,2016-08-06,6
1061,2016-08-07,4
1203,2016-08-08,3
1093,2016-08-09,4
843,2016-08-10,5
1320,2016-08-11,2
400,2016-08-12,8
615,2016-08-13,7
1380,2016-08-14,1
142,2016-08-15,11
253,2016-08-16,10
280,2016-08-17,9
1178,2016-08-18,3
877,2016-08-19,5
862,2016-08-20,5
1193,2016-08-21,3
807,2016-08-22,5
977,2016-08-23,4
17,2016-08-24,17
420,2016-08-25,8
581,2016-08-26,7
541,2016-08-27,7
560,2016-08-28,7
1133,2016-08-29,4
750,2016-08-30,6
460,2016-08-31,8
21,2016-09-01,16
161,2016-09-02,11
605,2016-09-03,7
1074,2016-09-04,4
171,2016-09-05,11
788,2016-09-06,6
1426,2016-09-07,1
914,2016-09-08,5
896,2016-09-09,5
1322,2016-09-10,2
1296,2016-09-11,2
776,2016-09-12,6
159,2016-09-13,11
1340,2016-09-14,2
483,2016-09-15,8
35,2016-09-16,15
734,2016-09-17,6
1122,2016-09-18,4
706,2016-09-19,6
676,2016-09-20,6
538,2016-09-21,7
713,2016-09-22,6
180,2016-09-23,11
276,2016-09-24,9
1349,2016-09-25,2
141,2016-09-26,11
893,2016-09-27,5
567,2016-09-28,7
958,2016-09-29,5
359,2016-09-30,9
1211,2016-10-01,3
70,2016-10-02,13
819,2016-10-03,5
338,2016-10-04,9
1078,2016-10-05,4
396,2016-10-06,8
165,2016-10-07,11
674,2016-10-08,6
660,2016-10-09,6
172,2016-10-10,11
1276,2016-10-11,2
536,2016-10-12,7
12,2016-10-13,18
291,2016-10-14,9
88,2016-10-15,13
703,2016-10-16,6
1364,2016-10-17,2
845,2016-10-18,5
603,2016-10-19,7
9,2016-10-20,19
881,2016-10-21,5
87,2016-10-22,13
206,2016-10-23,10
303,2016-10-24,9
840,2016-10-25,5
131,2016-10-26,12
556,2016-10-27,7
813,2016-10-28,5
740,2016-10-29,6
320,2016-10-30,9
913,2016-10-31,5
650,2016-11-01,6
773,2016-11-02,6
1139,2016-11-03,4
1396,2016-11-04,1
1244,2016-11-05,3
690,2016-11-06,6
1129,2016-11-07,4
337,2016-11-08,9
814,2016-11-09,5
473,2016-11-10,8
40,2016-11-11,15
860,2016-11-12,5
887,2016-11-13,5
1111,2016-11-14,4
912,2016-11-15,5
723,2016-11-16,6
181,2016-11-17,11
387,2016-11-18,8
439,2016-11-19,8
869,2016-11-20,5
838,2016-11-21,5
6,2016-11-22,19
1128,2016-11-23,4
520,2016-11-24,7
205,2016-11-25,10
806,2016-11-26,5
1389,2016-11-27,1
143,2016-11-28,11
140,2016-11-29,12
286,2016-11-30,9
1376,2016-12-01,2
593,2016-12-02,7
1167,2016-12-03,3
959,2016-12-04,5
847,2016-12-05,5
1272,2016-12-06,3
1223,2016-12-07,3
687,2016-12-08,6
1204,2016-12-09,3
1393,2016-12-10,1
878,2016-12-11,5
127,2016-12-12,12
590,2016-12-13,7
390,2016-12-14,8
709,2016-12-15,6
4,2016-12-16,20
595,2016-12-17,7
796,2016-12-18,5
890,2016-12-19,5
176,2016-12-20,11
307,2016-12-21,9
350,2016-12-22,9
1152,2016-12-23,3
1419,2016-12-24,1
1372,2016-12-25,2
341,2016-12-26,9
507,2016-12-28,7
554,2016-12-29,7
1347,2016-12-30,2
1137,2016-12-31,4
1002,2017-01-01,4
580,2017-01-02,7
1183,2017-01-03,3
591,2017-01-04,7
1012,2017-01-05,4
804,2017-01-06,5
797,2017-01-07,5
859,2017-01-09,5
361,2017-01-10,9
540,2017-01-11,7
265,2017-01-12,9
413,2017-01-13,8
409,2017-01-14,8
334,2017-01-15,9
81,2017-01-16,13
221,2017-01-17,10
909,2017-01-18,5
800,2017-01-19,5
109,2017-01-20,12
118,2017-01-21,12
392,2017-01-22,8
1420,2017-01-23,1
994,2017-01-24,4
561,2017-01-25,7
989,2017-01-26,4
398,2017-01-27,8
511,2017-01-28,7
1357,2017-01-29,2
351,2017-01-30,9
1302,2017-01-31,2
1077,2017-02-01,4
91,2017-02-02,13
755,2017-02-03,6
18,2017-02-04,17
886,2017-02-05,5
792,2017-02-06,6
1342,2017-02-07,2
102,2017-02-08,12
721,2017-02-09,6
527,2017-02-10,7
1427,2017-02-12,1
1081,2017-02-13,4
696,2017-02-14,6
811,2017-02-15,5
1127,2017-02-16,4
587,2017-02-17,7
1236,2017-02-18,3
178,2017-02-19,11
1405,2017-02-20,1
1404,2017-02-21,1
990,2017-02-22,4
949,2017-02-23,5
586,2017-02-24,7
325,2017-02-25,9
1305,2017-02-26,2
1040,2017-02-27,4
824,2017-02-28,5
198,2017-03-01,10
237,2017-03-02,10
621,2017-03-03,7
969,2017-03-04,4
1192,2017-03-05,3
987,2017-03-06,4
656,2017-03-07,6
1053,2017-03-08,4
607,2017-03-09,7
1175,2017-03-10,3
737,2017-03-11,6
1216,2017-03-12,3
727,2017-03-13,6
1435,2017-03-14,1
1008,2017-03-15,4
950,2017-03-16,5
616,2017-03-17,7
1280,2017-03-18,2
803,2017-03-19,5
1418,2017-03-20,1
224,2017-03-21,10
144,2017-03-22,11
651,2017-03-23,6
231,2017-03-24,10
310,2017-03-25,9
1438,2017-03-26,1
343,2017-03-27,9
818,2017-03-28,5
213,2017-03-29,10
1422,2017-03-30,1
1049,2017-03-31,4
941,2017-04-01,5
1003,2017-04-02,4
521,2017-04-03,7
1195,2017-04-04,3
417,2017-04-05,8
1009,2017-04-06,4
1432,2017-04-07,1
13,2017-04-08,18
77,2017-04-09,13
1415,2017-04-10,1
665,2017-04-11,6
1024,2017-04-12,4
1329,2017-04-13,2
630,2017-04-14,7
1020,2017-04-15,4
281,2017-04-16,9
1275,2017-04-17,2
613,2017-04-18,7
953,2017-04-19,5
1266,2017-04-20,3
996,2017-04-21,4
326,2017-04-22,9
1092,2017-04-23,4
801,2017-04-24,5
1114,2017-04-25,4
1117,2017-04-26,4
155,2017-04-27,11
170,2017-04-28,11
1310,2017-04-29,2
662,2017-04-30,6
1112,2017-05-01,4
402,2017-05-02,8
287,2017-05-03,9
535,2017-05-04,7
136,2017-05-05,12
1285,2017-05-06,2
1379,2017-05-07,1
1437,2017-05-08,1
655,2017-05-09,6
1240,2017-05-10,3
481,2017-05-11,8
982,2017-05-12,4
1386,2017-05-13,1
1409,2017-05-14,1
638,2017-05-15,7
386,2017-05-16,8
72,2017-05-17,13
105,2017-05-18,12
1373,2017-05-19,2
809,2017-05-20,5
1134,2017-05-21,4
1060,2017-05-22,4
667,2017-05-23,6
358,2017-05-24,9
518,2017-05-25,7
918,2017-05-26,5
1400,2017-05-27,1
1000,2017-05-28,4
985,2017-05-30,4
1101,2017-05-31,4
363,2017-06-01,9
911,2017-06-02,5
177,2017-06-03,11
1213,2017-06-04,3
939,2017-06-05,5
1410,2017-06-06,1
1385,2017-06-07,1
1005,2017-06-08,4
1036,2017-06-09,4
90,2017-06-10,13
1423,2017-06-11,1
1246,2017-06-12,3
1361,2017-06-13,2
1149,2017-06-14,3
1221,2017-06-15,3
1187,2017-06-16,3
1046,2017-06-17,4
1289,2017-06-18,2
1198,2017-06-19,3
354,2017-06-20,9
1309,2017-06-21,2
464,2017-06-22,8
11,2017-06-23,19
691,2017-06-24,6
242,2017-06-25,10
506,2017-06-26,7
892,2017-06-27,5
292,2017-06-28,9
222,2017-06-29,10
1350,2017-06-30,2
304,2017-07-01,9
380,2017-07-02,8
432,2017-07-03,8
927,2017-07-04,5
1158,2017-07-05,3
429,2017-07-06,8
1344,2017-07-07,2
916,2017-07-08,5
1050,2017-07-09,4
923,2017-07-10,5
1196,2017-07-11,3
760,2017-07-12,6
477,2017-07-13,8
1398,2017-07-14,1
625,2017-07-15,7
1384,2017-07-16,1
421,2017-07-17,8
348,2017-07-18,9
763,2017-07-19,6
523,2017-07-20,7
1113,2017-07-21,4
611,2017-07-22,7
1433,2017-07-23,1
516,2017-07-24,7
673,2017-07-25,6
999,2017-07-26,4
316,2017-07-27,9
1109,2017-07-28,4
770,2017-07-29,6
422,2017-07-30,8
453,2017-07-31,8
726,2017-08-01,6
1063,2017-08-02,4
827,2017-08-03,5
1267,2017-08-04,3
1161,2017-08-05,3
1341,2017-08-06,2
182,2017-08-07,11
1394,2017-08-08,1
30,2017-08-09,16
458,2017-08-10,8
85,2017-08-11,13
1354,2017-08-12,2
948,2017-08-13,5
1090,2017-08-14,4
1254,2017-08-15,3
767,2017-08-16,6
1123,2017-08-17,4
1132,2017-08-18,4
1099,2017-08-19,4
385,2017-08-20,8
1177,2017-08-21,3
1068,2017-08-22,4
735,2017-08-23,6
828,2017-08-24,5
1331,2017-08-25,2
470,2017-08-26,8
1288,2017-08-27,2
368,2017-08-28,9
712,2017-08-29,6
1308,2017-08-30,2
943,2017-08-31,5
1319,2017-09-01,2
995,2017-09-02,4
183,2017-09-03,11
934,2017-09-04,5
542,2017-09-05,7
1283,2017-09-06,2
875,2017-09-07,5
697,2017-09-08,6
247,2017-09-09,10
933,2017-09-10,5
513,2017-09-11,7
614,2017-09-12,7
666,2017-09-13,6
1165,2017-09-14,3
212,2017-09-15,10
1171,2017-09-16,3
1037,2017-09-17,4
620,2017-09-18,7
347,2017-09-19,9
135,2017-09-20,12
730,2017-09-21,6
327,2017-09-22,9
1169,2017-09-23,3
1233,2017-09-24,3
848,2017-09-25,5
592,2017-09-26,7
454,2017-09-27,8
756,2017-09-28,6
1052,2017-09-29,4
746,2017-09-30,6
352,2017-10-01,9
312,2017-10-02,9
129,2017-10-03,12
685,2017-10-04,6
374,2017-10-05,8
781,2017-10-06,6
1252,2017-10-07,3
297,2017-10-08,9
266,2017-10-09,9
962,2017-10-10,4
23,2017-10-11,16
486,2017-10-12,8
106,2017-10-13,12
1317,2017-10-14,2
194,2017-10-15,10
295,2017-10-16,9
928,2017-10-17,5
817,2017-10-18,5
71,2017-10-19,13
600,2017-10-20,7
394,2017-10-21,8
1374,2017-10-22,2
284,2017-10-23,9
1138,2017-10-24,4
564,2017-10-25,7
482,2017-10-27,8
961,2017-10-28,4
272,2017-10-29,9
1148,2017-10-30,3
517,2017-10-31,7
879,2017-11-01,5
440,2017-11-02,8
188,2017-11-03,11
562,2017-11-04,7
1375,2017-11-05,2
75,2017-11-06,13
250,2017-11-07,10
569,2017-11-08,7
947,2017-11-09,5
152,2017-11-10,11
121,2017-11-11,12
290,2017-11-12,9
145,2017-11-13,11
1428,2017-11-14,1
929,2017-11-15,5
1135,2017-11-16,4
627,2017-11-17,7
504,2017-11-18,8
1140,2017-11-19,4
1197,2017-11-20,3
438,2017-11-21,8
1032,2017-11-22,4
125,2017-11-23,12
16,2017-11-24,17
2,2017-11-25,21
628,2017-11-26,7
498,2017-11-27,8
1163,2017-11-28,3
558,2017-11-29,7
1059,2017-11-30,4
3,2017-12-01,21
258,2017-12-02,10
1130,2017-12-03,4
471,2017-12-04,8
123,2017-12-05,12
311,2017-12-06,9
1200,2017-12-07,3
451,2017-12-08,8
1430,2017-12-09,1
1336,2017-12-10,2
1229,2017-12-11,3
19,2017-12-12,16
1290,2017-12-13,2
543,2017-12-14,7
41,2017-12-15,15
1245,2017-12-16,3
1248,2017-12-17,3
738,2017-12-18,6
1316,2017-12-19,2
373,2017-12-20,8
1297,2017-12-21,2
692,2017-12-22,6
876,2017-12-23,5
1199,2017-12-24,3
1251,2017-12-26,3
783,2017-12-27,6
1181,2017-12-28,3
1013,2017-12-29,4
162,2017-12-30,11
832,2017-12-31,5
82,2018-01-01,13
278,2018-01-02,9
1185,2018-01-03,3
925,2018-01-04,5
1108,2018-01-05,4
355,2018-01-06,9
500,2018-01-07,8
378,2018-01-08,8
575,2018-01-09,7
431,2018-01-10,8
775,2018-01-11,6
1382,2018-01-12,1
968,2018-01-13,4
1071,2018-01-14,4
971,2018-01-15,4
306,2018-01-16,9
1265,2018-01-17,3
241,2018-01-18,10
768,2018-01-19,6
512,2018-01-20,7
842,2018-01-21,5
382,2018-01-22,8
1273,2018-01-23,3
406,2018-01-24,8
246,2018-01-25,10
1006,2018-01-26,4
1363,2018-01-27,2
1010,2018-01-28,4
60,2018-01-29,14
1238,2018-01-30,3
683,2018-01-31,6
1413,2018-02-01,1
372,2018-02-02,8
1225,2018-02-03,3
1220,2018-02-04,3
639,2018-02-05,7
1392,2018-02-06,1
156,2018-02-07,11
1219,2018-02-08,3
720,2018-02-10,6
254,2018-02-11,10
983,2018-02-12,4
1235,2018-02-13,3
379,2018-02-14,8
1414,2018-02-15,1
274,2018-02-16,9
1039,2018-02-17,4
490,2018-02-18,8
1335,2018-02-19,2
589,2018-02-20,7
704,2018-02-21,6
808,2018-02-22,5
485,2018-02-23,8
857,2018-02-24,5
1377,2018-02-25,1
1434,2018-02-26,1
1304,2018-02-27,2
1082,2018-02-28,4
399,2018-03-01,8
314,2018-03-02,9
1083,2018-03-03,4
1352,2018-03-04,2
686,2018-03-05,6
1043,2018-03-06,4
395,2018-03-07,8
344,2018-03-08,9
1118,2018-03-09,4
846,2018-03-10,5
778,2018-03-11,6
965,2018-03-12,4
1173,2018-03-13,3
682,2018-03-14,6
283,2018-03-15,9
1001,2018-03-16,4
1381,2018-03-17,1
1332,2018-03-18,2
1286,2018-03-19,2
164,2018-03-20,11
1189,2018-03-21,3
342,2018-03-22,9
1073,2018-03-23,4
478,2018-03-24,8
489,2018-03-25,8
1301,2018-03-26,2
1365,2018-03-27,2
1291,2018-03-28,2
1368,2018-03-29,2
1259,2018-03-30,3
1102,2018-03-31,4
529,2018-04-01,7
215,2018-04-02,10
1334,2018-04-03,2
1239,2018-04-04,3
1261,2018-04-05,3
466,2018-04-06,8
1359,2018-04-07,2
1107,2018-04-08,4
873,2018-04-09,5
572,2018-04-11,7
1355,2018-04-12,2
1098,2018-04-13,4
393,2018-04-14,8
1230,2018-04-15,3
944,2018-04-16,5
888,2018-04-17,5
1242,2018-04-18,3
146,2018-04-19,11
62,2018-04-20,14
1004,2018-04-21,4
1318,2018-04-22,2
1021,2018-04-23,4
469,2018-04-24,8
456,2018-04-25,8
65,2018-04-26,13
126,2018-04-27,12
1441,2018-04-28,1
1294,2018-04-29,2
675,2018-04-30,6
147,2018-05-01,11
702,2018-05-02,6
44,2018-05-04,15
1253,2018-05-05,3
810,2018-05-06,5
448,2018-05-07,8
1027,2018-05-08,4
905,2018-05-09,5
1412,2018-05-10,1
647,2018-05-11,6
434,2018-05-12,8
566,2018-05-13,7
1260,2018-05-14,3
1222,2018-05-15,3
643,2018-05-16,7
1172,2018-05-17,3
443,2018-05-18,8
549,2018-05-19,7
365,2018-05-20,9
219,2018-05-21,10
480,2018-05-22,8
663,2018-05-23,6
308,2018-05-24,9
946,2018-05-25,5
28,2018-05-26,16
1087,2018-05-27,4
1064,2018-05-28,4
668,2018-05-29,6
309,2018-05-30,9
974,2018-05-31,4
661,2018-06-01,6
1333,2018-06-02,2
484,2018-06-03,8
654,2018-06-04,6
952,2018-06-06,5
340,2018-06-07,9
1141,2018-06-08,4
1295,2018-06-09,2
604,2018-06-10,7
545,2018-06-11,7
179,2018-06-12,11
1298,2018-06-13,2
856,2018-06-14,5
742,2018-06-15,6
945,2018-06-16,5
195,2018-06-17,10
260,2018-06-18,10
185,2018-06-19,11
816,2018-06-20,5
729,2018-06-21,6
772,2018-06-22,6
1421,2018-06-23,1
864,2018-06-24,5
211,2018-06-25,10
956,2018-06-26,5
128,2018-06-27,12
78,2018-06-28,13
1097,2018-06-29,4
10,2018-06-30,19
1346,2018-07-01,2
210,2018-07-02,10
1176,2018-07-03,3
1307,2018-07-04,2
264,2018-07-05,10
1191,2018-07-06,3
1281,2018-07-07,2
1215,2018-07-08,3
701,2018-07-09,6
1324,2018-07-10,2
1156,2018-07-11,3
293,2018-07-12,9
722,2018-07-13,6
1119,2018-07-14,4
984,2018-07-15,4
433,2018-07-16,8
745,2018-07-17,6
1150,2018-07-18,3
1263,2018-07-19,3
550,2018-07-20,7
1369,2018-07-22,2
1313,2018-07-23,2
633,2018-07-24,7
812,2018-07-25,5
744,2018-07-26,6
786,2018-07-27,6
1262,2018-07-28,3
1217,2018-07-29,3
1202,2018-07-30,3
1028,2018-07-31,4
599,2018-08-01,7
820,2018-08-02,5
14,2018-08-03,18
1440,2018-08-04,1
741,2018-08-05,6
245,2018-08-06,10
1209,2018-08-07,3
1406,2018-08-08,1
787,2018-08-09,6
1085,2018-08-10,4
1255,2018-08-11,3
1025,2018-08-12,4
1214,2018-08-13,3
1367,2018-08-14,2
1145,2018-08-15,3
853,2018-08-16,5
963,2018-08-17,4
612,2018-08-18,7
1328,2018-08-19,2
243,2018-08-20,10
199,2018-08-21,10
865,2018-08-22,5
732,2018-08-23,6
1174,2018-08-24,3
411,2018-08-25,8
640,2018-08-26,7
437,2018-08-27,8
708,2018-08-28,6
565,2018-08-29,7
1201,2018-08-30,3
1105,2018-09-01,4
1436,2018-09-02,1
917,2018-09-03,5
229,2018-09-04,10
972,2018-09-05,4
902,2018-09-06,5
497,2018-09-07,8
84,2018-09-08,13
1402,2018-09-09,1
1157,2018-09-10,3
711,2018-09-11,6
184,2018-09-12,11
574,2018-09-13,7
305,2018-09-14,9
1247,2018-09-16,3
1115,2018-09-17,4
717,2018-09-18,6
784,2018-09-19,6
829,2018-09-20,5
736,2018-09-21,6
731,2018-09-22,6
1371,2018-09-23,2
992,2018-09-24,4
1164,2018-09-25,3
296,2018-09-26,9
576,2018-09-27,7
791,2018-09-28,6
1104,2018-09-29,4
1224,2018-09-30,3
235,2018-10-01,10
1076,2018-10-02,4
415,2018-10-03,8
1011,2018-10-04,4
101,2018-10-05,12
1110,2018-10-06,4
850,2018-10-08,5
821,2018-10-09,5
570,2018-10-10,7
317,2018-10-11,9
618,2018-10-12,7
897,2018-10-13,5
764,2018-10-14,6
107,2018-10-15,12
1241,2018-10-16,3
1345,2018-10-17,2
1237,2018-10-18,3
1159,2018-10-19,3
582,2018-10-20,7
515,2018-10-21,7
375,2018-10-22,8
1228,2018-10-23,3
617,2018-10-24,7
748,2018-10-25,6
1311,2018-10-26,2
920,2018-10-27,5
403,2018-10-28,8
699,2018-10-29,6
1168,2018-10-30,3
93,2018-10-31,13
133,2018-11-01,12
1300,2018-11-02,2
664,2018-11-03,6
724,2018-11-04,6
652,2018-11-05,6
940,2018-11-06,5
900,2018-11-07,5
844,2018-11-08,5
705,2018-11-09,6
1103,2018-11-10,4
677,2018-11-11,6
47,2018-11-12,14
461,2018-11-13,8
830,2018-11-14,5
725,2018-11-15,6
189,2018-11-16,11
993,2018-11-17,4
1353,2018-11-18,2
960,2018-11-19,5
1188,2018-11-20,3
449,2018-11-21,8
534,2018-11-22,7
883,2018-11-23,5
978,2018-11-24,4
1327,2018-11-25,2
1056,2018-11-26,4
502,2018-11-27,8
1439,2018-11-28,1
271,2018-11-29,9
501,2018-11-30,8
1142,2018-12-01,3
537,2018-12-02,7
1091,2018-12-03,4
954,2018-12-04,5
1250,2018-12-05,3
1014,2018-12-06,4
1065,2018-12-07,4
1356,2018-12-08,2
689,2018-12-09,6
1279,2018-12-10,2
1277,2018-12-11,2
384,2018-12-12,8
1026,2018-12-13,4
196,2018-12-14,10
1299,2018-12-15,2
1066,2018-12-16,4
935,2018-12-17,5
648,2018-12-18,6
200,2018-12-19,10
907,2018-12-20,5
831,2018-12-21,5
1153,2018-12-22,3
1208,2018-12-23,3
1370,2018-12-24,2
1162,2018-12-26,3
1425,2018-12-27,1
1231,2018-12-30,3
802,2018-12-31,5
